timestamp_before,timestamp_after,accel_x,accel_y,accel_z,gyro_x,gyro_y,gryo_z
1493248557.0265369415,1493248557.0288190842, -0.1863,  0.0588,  0.9634, -4.2114, -1.4343, -5.6610
1493248557.0289049149,1493248557.0313000679, -0.1895,  0.0588,  0.9634, -4.2114, -1.4343, -5.6610
1493248557.0313720703,1493248557.0336570740, -0.1895,  0.0588,  0.9634, -4.2114, -1.4343, -5.6610
1493248557.0337259769,1493248557.0360760689, -0.1895,  0.0588,  0.9634, -4.2114, -1.4343, -5.6610
1493248557.0361459255,1493248557.0384259224, -0.1895,  0.0588,  0.9634, -4.8065, -1.6327, -5.4932
1493248557.0384960175,1493248557.0407829285, -0.1895,  0.0588,  0.9634, -4.8065, -1.6327, -5.4932
1493248557.0408539772,1493248557.0431950092, -0.1895,  0.0588,  0.9634, -4.8065, -1.6327, -5.4932
1493248557.0432651043,1493248557.0455789566, -0.1895,  0.0588,  0.9634, -4.8065, -1.6327, -5.4932
1493248557.0456500053,1493248557.0479290485, -0.1895,  0.0588,  0.9634, -4.8065, -1.6327, -5.4932
1493248557.0480000973,1493248557.0503621101, -0.1836,  0.0579,  0.9607, -4.6387, -1.2817, -5.7373
1493248557.0504341125,1493248557.0528149605, -0.1836,  0.0579,  0.9607, -4.6387, -1.2817, -5.7373
1493248557.0528860092,1493248557.0553200245, -0.1836,  0.0579,  0.9607, -4.6387, -1.2817, -5.7373
1493248557.0553910732,1493248557.0576720238, -0.1836,  0.0579,  0.9607, -4.6387, -1.2817, -5.7373
1493248557.0577430725,1493248557.0600330830, -0.1836,  0.0579,  0.9607, -4.1809, -1.7090, -5.5389
1493248557.0601029396,1493248557.0624608994, -0.1836,  0.0579,  0.9607, -4.1809, -1.7090, -5.5389
1493248557.0625329018,1493248557.0648200512, -0.1836,  0.0579,  0.9607, -4.1809, -1.7090, -5.5389
1493248557.0648910999,1493248557.0672640800, -0.1836,  0.0579,  0.9607, -4.1809, -1.7090, -5.5389
1493248557.0673360825,1493248557.0697019100, -0.1831,  0.0559,  0.9719, -4.1809, -1.7090, -5.4474
1493248557.0697729588,1493248557.0721890926, -0.1831,  0.0559,  0.9719, -3.8910, -1.2970, -5.4474
1493248557.0722599030,1493248557.0747060776, -0.1831,  0.0559,  0.9719, -3.8910, -1.2970, -5.4474
1493248557.0747780800,1493248557.0770640373, -0.1831,  0.0559,  0.9719, -3.8910, -1.2970, -5.4474
1493248557.0771350861,1493248557.0794219971, -0.1831,  0.0559,  0.9719, -3.8910, -1.2970, -5.4474
1493248557.0794920921,1493248557.0817749500, -0.1831,  0.0559,  0.9719, -4.3335, -1.8005, -5.2490
1493248557.0818450451,1493248557.0841360092, -0.1831,  0.0559,  0.9719, -4.3335, -1.8005, -5.2490
1493248557.0842061043,1493248557.0864920616, -0.1831,  0.0559,  0.9719, -4.3335, -1.8005, -5.2490
1493248557.0865631104,1493248557.0888490677, -0.1831,  0.0562,  0.9685, -4.3335, -1.8005, -5.2490
1493248557.0889201164,1493248557.0912039280, -0.1846,  0.0562,  0.9685, -4.6844, -1.7395, -4.8981
1493248557.0912749767,1493248557.0935549736, -0.1846,  0.0562,  0.9685, -4.6844, -1.7395, -4.8981
1493248557.0936250687,1493248557.0959858894, -0.1846,  0.0562,  0.9685, -4.6844, -1.7395, -4.8981
1493248557.0960569382,1493248557.0984709263, -0.1846,  0.0562,  0.9685, -4.6844, -1.7395, -4.8981
1493248557.0985429287,1493248557.1009440422, -0.1846,  0.0562,  0.9685, -4.6844, -1.7395, -4.8981
1493248557.1010150909,1493248557.1034250259, -0.1846,  0.0562,  0.9685, -4.8065, -1.5717, -5.1727
1493248557.1034960747,1493248557.1059420109, -0.1846,  0.0562,  0.9685, -4.8065, -1.5717, -5.1727
1493248557.1060130596,1493248557.1084170341, -0.1846,  0.0562,  0.9795, -4.8065, -1.5717, -5.1727
1493248557.1084880829,1493248557.1108970642, -0.1897,  0.0562,  0.9795, -4.8065, -1.5717, -5.1727
1493248557.1109681129,1493248557.1133730412, -0.1897,  0.0562,  0.9795, -4.5319, -1.6174, -5.7373
1493248557.1134428978,1493248557.1159040928, -0.1897,  0.0562,  0.9795, -4.5319, -1.6174, -5.7373
1493248557.1159749031,1493248557.1183860302, -0.1897,  0.0562,  0.9795, -4.5319, -1.6174, -5.7373
1493248557.1184570789,1493248557.1208651066, -0.1897,  0.0562,  0.9795, -4.5319, -1.6174, -5.7373
1493248557.1209359169,1493248557.1233510971, -0.1897,  0.0562,  0.9795, -4.4556, -1.6174, -5.5084
1493248557.1234219074,1493248557.1258399487, -0.1897,  0.0562,  0.9795, -4.4556, -1.6174, -5.5084
1493248557.1259109974,1493248557.1283190250, -0.1897,  0.0562,  0.9795, -4.4556, -1.6174, -5.5084
1493248557.1285328865,1493248557.1309490204, -0.1880,  0.0554,  0.9690, -4.4556, -1.6174, -5.5084
1493248557.1310200691,1493248557.1334269047, -0.1880,  0.0554,  0.9690, -4.4556, -1.4343, -5.3101
1493248557.1334989071,1493248557.1358559132, -0.1880,  0.0554,  0.9690, -4.2114, -1.4343, -5.3101
1493248557.1359269619,1493248557.1382169724, -0.1880,  0.0554,  0.9690, -4.2114, -1.4343, -5.3101
1493248557.1382880211,1493248557.1405711174, -0.1880,  0.0554,  0.9690, -4.2114, -1.4343, -5.3101
1493248557.1406409740,1493248557.1429269314, -0.1880,  0.0554,  0.9690, -4.2114, -1.4343, -5.3101
1493248557.1429979801,1493248557.1453359127, -0.1880,  0.0554,  0.9690, -3.8910, -1.2970, -5.4932
1493248557.1454060078,1493248557.1477758884, -0.1880,  0.0554,  0.9690, -3.8910, -1.2970, -5.4932
1493248557.1478459835,1493248557.1502261162, -0.1809,  0.0535,  0.9597, -3.8910, -1.2970, -5.4932
1493248557.1502969265,1493248557.1527059078, -0.1809,  0.0535,  0.9597, -3.8910, -1.2970, -5.4932
1493248557.1527760029,1493248557.1551909447, -0.1809,  0.0535,  0.9597, -3.9673, -1.8463, -5.3253
1493248557.1552610397,1493248557.1576690674, -0.1809,  0.0535,  0.9597, -3.9673, -1.8463, -5.3253
1493248557.1577401161,1493248557.1601469517, -0.1809,  0.0535,  0.9597, -3.9673, -1.8463, -5.3253
1493248557.1602170467,1493248557.1626279354, -0.1809,  0.0535,  0.9597, -3.9673, -1.8463, -5.3253
1493248557.1626989841,1493248557.1651189327, -0.1809,  0.0535,  0.9597, -3.9673, -1.7853, -5.1117
1493248557.1651890278,1493248557.1675949097, -0.1809,  0.0535,  0.9597, -3.9215, -1.7853, -5.1117
1493248557.1676650047,1493248557.1700770855, -0.1836,  0.0586,  0.9622, -3.9215, -1.7853, -5.1117
1493248557.1701478958,1493248557.1725571156, -0.1836,  0.0586,  0.9622, -3.9215, -1.7853, -5.1117
1493248557.1726269722,1493248557.1750800610, -0.1836,  0.0586,  0.9622, -3.9215, -1.7853, -5.2185
1493248557.1751511097,1493248557.1775610447, -0.1836,  0.0586,  0.9622, -4.0588, -1.6022, -5.2185
1493248557.1776330471,1493248557.1800379753, -0.1836,  0.0586,  0.9622, -4.0588, -1.6022, -5.2185
1493248557.1801090240,1493248557.1825180054, -0.1836,  0.0586,  0.9622, -4.0588, -1.6022, -5.2185
1493248557.1825881004,1493248557.1849958897, -0.1836,  0.0586,  0.9622, -4.0588, -1.6022, -5.2185
1493248557.1850678921,1493248557.1873509884, -0.1836,  0.0586,  0.9622, -4.1656, -1.3580, -5.4626
1493248557.1874210835,1493248557.1897079945, -0.1899,  0.0623,  0.9553, -4.1656, -1.3580, -5.4626
1493248557.1897780895,1493248557.1920599937, -0.1899,  0.0623,  0.9553, -4.1656, -1.3580, -5.4626
1493248557.1921288967,1493248557.1944100857, -0.1899,  0.0623,  0.9553, -4.1656, -1.3580, -5.4626
1493248557.1944799423,1493248557.1969280243, -0.1899,  0.0623,  0.9553, -4.1656, -1.4801, -5.6305
1493248557.1969990730,1493248557.1994080544, -0.1899,  0.0623,  0.9553, -4.2877, -1.4801, -5.6305
1493248557.1994779110,1493248557.2018890381, -0.1899,  0.0623,  0.9553, -4.2877, -1.4801, -5.6305
1493248557.2019600868,1493248557.2043659687, -0.1899,  0.0623,  0.9553, -4.2877, -1.4801, -5.6305
1493248557.2044360638,1493248557.2068870068, -0.1899,  0.0623,  0.9553, -4.2877, -1.4801, -5.7983
1493248557.2069571018,1493248557.2093648911, -0.1899,  0.0610,  0.9673, -4.3488, -1.5259, -5.7983
1493248557.2094368935,1493248557.2118430138, -0.1929,  0.0610,  0.9673, -4.3488, -1.5259, -5.7983
1493248557.2119140625,1493248557.2143189907, -0.1929,  0.0610,  0.9673, -4.3488, -1.5259, -5.7983
1493248557.2143900394,1493248557.2168059349, -0.1929,  0.0610,  0.9673, -4.3488, -1.5259, -5.7983
1493248557.2168769836,1493248557.2192831039, -0.1929,  0.0610,  0.9673, -3.7384, -1.3580, -5.5695
1493248557.2193539143,1493248557.2217659950, -0.1929,  0.0610,  0.9673, -3.7384, -1.3580, -5.5695
1493248557.2218370438,1493248557.2242469788, -0.1929,  0.0610,  0.9673, -3.7384, -1.3580, -5.5695
1493248557.2243170738,1493248557.2267670631, -0.1929,  0.0610,  0.9673, -3.7384, -1.3580, -5.5695
1493248557.2268390656,1493248557.2292530537, -0.1929,  0.0588,  0.9604, -4.2877, -1.2207, -5.4779
1493248557.2294399738,1493248557.2318511009, -0.1863,  0.0588,  0.9604, -4.2877, -1.2207, -5.4779
1493248557.2319219112,1493248557.2343258858, -0.1863,  0.0588,  0.9604, -4.2877, -1.2207, -5.4779
1493248557.2343969345,1493248557.2367210388, -0.1863,  0.0588,  0.9604, -4.2877, -1.2207, -5.4779
1493248557.2367908955,1493248557.2390780449, -0.1863,  0.0588,  0.9604, -4.2877, -1.3275, -5.4932
1493248557.2391479015,1493248557.2414369583, -0.1863,  0.0588,  0.9604, -4.5471, -1.3275, -5.4932
1493248557.2415070534,1493248557.2437911034, -0.1863,  0.0588,  0.9604, -4.5471, -1.3275, -5.4932
1493248557.2438600063,1493248557.2461481094, -0.1863,  0.0588,  0.9604, -4.5471, -1.3275, -5.4932
1493248557.2462179661,1493248557.2485029697, -0.1863,  0.0588,  0.9590, -4.5471, -1.3275, -5.4932
1493248557.2485730648,1493248557.2508540154, -0.1919,  0.0576,  0.9590, -4.3488, -1.4038, -5.6000
1493248557.2509250641,1493248557.2532050610, -0.1919,  0.0576,  0.9590, -4.3488, -1.4038, -5.6000
1493248557.2532761097,1493248557.2556350231, -0.1919,  0.0576,  0.9590, -4.3488, -1.4038, -5.6000
1493248557.2557070255,1493248557.2581119537, -0.1919,  0.0576,  0.9590, -4.3488, -1.4038, -5.6000
1493248557.2581830025,1493248557.2605910301, -0.1919,  0.0576,  0.9590, -4.7607, -1.7242, -5.4779
1493248557.2606620789,1493248557.2630679607, -0.1919,  0.0576,  0.9590, -4.7607, -1.7242, -5.4779
1493248557.2631390095,1493248557.2655560970, -0.1919,  0.0576,  0.9590, -4.7607, -1.7242, -5.4779
1493248557.2656269073,1493248557.2680339813, -0.1919,  0.0576,  0.9590, -4.7607, -1.7242, -5.4779
1493248557.2681040764,1493248557.2705059052, -0.1838,  0.0515,  0.9526, -4.7607, -1.7242, -5.5695
1493248557.2705769539,1493248557.2729880810, -0.1838,  0.0515,  0.9526, -4.4250, -1.3123, -5.5695
1493248557.2730579376,1493248557.2755160332, -0.1838,  0.0515,  0.9526, -4.4250, -1.3123, -5.5695
1493248557.2755870819,1493248557.2779910564, -0.1838,  0.0515,  0.9526, -4.4250, -1.3123, -5.5695
1493248557.2780621052,1493248557.2804760933, -0.1838,  0.0515,  0.9526, -4.4250, -1.3123, -5.5695
1493248557.2805459499,1493248557.2829520702, -0.1838,  0.0515,  0.9526, -4.7455, -1.3428, -5.4932
1493248557.2830219269,1493248557.2854719162, -0.1838,  0.0515,  0.9526, -4.7455, -1.3428, -5.4932
1493248557.2855420113,1493248557.2879528999, -0.1838,  0.0515,  0.9526, -4.7455, -1.3428, -5.4932
1493248557.2880220413,1493248557.2904300690, -0.1790,  0.0574,  0.9600, -4.7455, -1.3428, -5.4932
1493248557.2904999256,1493248557.2929079533, -0.1790,  0.0574,  0.9600, -4.7150, -1.4496, -5.4932
1493248557.2929790020,1493248557.2953720093, -0.1790,  0.0574,  0.9600, -4.7150, -1.4496, -5.4932
1493248557.2954430580,1493248557.2977249622, -0.1790,  0.0574,  0.9600, -4.7150, -1.4496, -5.4932
1493248557.2977960110,1493248557.3000829220, -0.1790,  0.0574,  0.9600, -4.7150, -1.4496, -5.4932
1493248557.3001539707,1493248557.3024320602, -0.1790,  0.0574,  0.9600, -4.7150, -1.6327, -5.6000
1493248557.3025031090,1493248557.3047978878, -0.1790,  0.0574,  0.9600, -4.1809, -1.6327, -5.6000
1493248557.3048689365,1493248557.3072841167, -0.1790,  0.0574,  0.9600, -4.1809, -1.6327, -5.6000
1493248557.3073549271,1493248557.3097550869, -0.1931,  0.0571,  0.9705, -4.1809, -1.6327, -5.6000
1493248557.3098258972,1493248557.3122260571, -0.1931,  0.0571,  0.9705, -4.1809, -1.6327, -5.6000
1493248557.3122980595,1493248557.3147211075, -0.1931,  0.0571,  0.9705, -4.4098, -1.5717, -5.7526
1493248557.3147919178,1493248557.3172020912, -0.1931,  0.0571,  0.9705, -4.4098, -1.5717, -5.7526
1493248557.3172729015,1493248557.3196840286, -0.1931,  0.0571,  0.9705, -4.4098, -1.5717, -5.7526
1493248557.3197538853,1493248557.3221619129, -0.1931,  0.0571,  0.9705, -4.4098, -1.5717, -5.7526
1493248557.3222329617,1493248557.3246409893, -0.1931,  0.0571,  0.9705, -4.2267, -1.9531, -5.2948
1493248557.3247549534,1493248557.3271698952, -0.1931,  0.0571,  0.9705, -4.2267, -1.9531, -5.2948
1493248557.3272409439,1493248557.3296489716, -0.1865,  0.0610,  0.9666, -4.2267, -1.9531, -5.2948
1493248557.3297200203,1493248557.3321270943, -0.1865,  0.0610,  0.9666, -4.2267, -1.9531, -5.2948
1493248557.3323080540,1493248557.3347299099, -0.1865,  0.0610,  0.9666, -3.8910, -1.7395, -5.2948
1493248557.3348009586,1493248557.3372080326, -0.1865,  0.0610,  0.9666, -3.8910, -1.7395, -5.2948
1493248557.3372790813,1493248557.3396890163, -0.1865,  0.0610,  0.9666, -3.8910, -1.7395, -5.2948
1493248557.3397600651,1493248557.3421649933, -0.1865,  0.0610,  0.9666, -3.8910, -1.7395, -5.2948
1493248557.3422360420,1493248557.3446879387, -0.1865,  0.0610,  0.9666, -3.8910, -1.5717, -5.8441
1493248557.3447599411,1493248557.3470489979, -0.1865,  0.0610,  0.9666, -4.3182, -1.5717, -5.8441
1493248557.3471200466,1493248557.3494019508, -0.2490,  0.0576,  0.9600, -4.3182, -1.5717, -5.8441
1493248557.3494720459,1493248557.3517549038, -0.1895,  0.0576,  0.9600, -4.3182, -1.5717, -5.8441
1493248557.3518259525,1493248557.3541159630, -0.1895,  0.0576,  0.9600, -4.3182, -1.5717, -5.8441
1493248557.3541860580,1493248557.3565969467, -0.1895,  0.0576,  0.9600, -4.6387, -1.3885, -5.5389
1493248557.3566679955,1493248557.3590860367, -0.1895,  0.0576,  0.9600, -4.6387, -1.3885, -5.5389
1493248557.3591570854,1493248557.3615698814, -0.1895,  0.0576,  0.9600, -4.6387, -1.3885, -5.5389
1493248557.3616409302,1493248557.3640570641, -0.1895,  0.0576,  0.9600, -4.6387, -1.3885, -5.5389
1493248557.3641281128,1493248557.3665580750, -0.1895,  0.0576,  0.9600, -4.8981, -1.3733, -5.8289
1493248557.3666288853,1493248557.3690481186, -0.1895,  0.0576,  0.9597, -4.8981, -1.3733, -5.8289
1493248557.3691189289,1493248557.3715329170, -0.1836,  0.0557,  0.9597, -4.8981, -1.3733, -5.8289
1493248557.3716039658,1493248557.3740179539, -0.1836,  0.0557,  0.9597, -4.8981, -1.3733, -5.8289
1493248557.3740899563,1493248557.3764200211, -0.1836,  0.0557,  0.9597, -4.8981, -1.6174, -5.4321
1493248557.3764920235,1493248557.3787798882, -0.1836,  0.0557,  0.9597, -4.3640, -1.6174, -5.4321
1493248557.3788499832,1493248557.3811359406, -0.1836,  0.0557,  0.9597, -4.3640, -1.6174, -5.4321
1493248557.3812060356,1493248557.3834929466, -0.1836,  0.0557,  0.9597, -4.3640, -1.6174, -5.4321
1493248557.3835620880,1493248557.3859469891, -0.1836,  0.0557,  0.9597, -4.3640, -1.6174, -5.4321
1493248557.3860180378,1493248557.3884239197, -0.1836,  0.0557,  0.9597, -4.7760, -1.4496, -5.4779
1493248557.3884959221,1493248557.3909060955, -0.1914,  0.0596,  0.9568, -4.7760, -1.4496, -5.4779
1493248557.3909769058,1493248557.3933920860, -0.1914,  0.0596,  0.9568, -4.7760, -1.4496, -5.4779
1493248557.3934628963,1493248557.3958630562, -0.1914,  0.0596,  0.9568, -4.7760, -1.4496, -5.4779
1493248557.3959341049,1493248557.3982241154, -0.1914,  0.0596,  0.9568, -4.1809, -1.7548, -5.7373
1493248557.3982939720,1493248557.4005749226, -0.1914,  0.0596,  0.9568, -4.1809, -1.7548, -5.7373
1493248557.4006459713,1493248557.4029290676, -0.1914,  0.0596,  0.9568, -4.1809, -1.7548, -5.7373
1493248557.4030001163,1493248557.4053471088, -0.1914,  0.0596,  0.9568, -4.1809, -1.7548, -5.7373
1493248557.4054169655,1493248557.4078299999, -0.1914,  0.0596,  0.9568, -4.1809, -1.7548, -5.6000
1493248557.4079020023,1493248557.4103059769, -0.1831,  0.0564,  0.9697, -4.3488, -1.5106, -5.6000
1493248557.4103770256,1493248557.4127900600, -0.1831,  0.0564,  0.9697, -4.3488, -1.5106, -5.6000
1493248557.4128599167,1493248557.4153079987, -0.1831,  0.0564,  0.9697, -4.3488, -1.5106, -5.6000
1493248557.4153790474,1493248557.4177920818, -0.1831,  0.0564,  0.9697, -4.3488, -1.5106, -5.6000
1493248557.4178628922,1493248557.4202680588, -0.1831,  0.0564,  0.9697, -4.4250, -1.1902, -5.6458
1493248557.4203391075,1493248557.4227480888, -0.1831,  0.0564,  0.9697, -4.4250, -1.1902, -5.6458
1493248557.4228179455,1493248557.4252328873, -0.1831,  0.0564,  0.9697, -4.4250, -1.1902, -5.6458
1493248557.4253039360,1493248557.4277160168, -0.1831,  0.0564,  0.9697, -4.4250, -1.1902, -5.6458
1493248557.4277870655,1493248557.4301970005, -0.1812,  0.0564,  0.9695, -3.9520, -1.1292, -5.7831
1493248557.4302680492,1493248557.4326860905, -0.1812,  0.0564,  0.9695, -3.9520, -1.1292, -5.7831
1493248557.4327559471,1493248557.4351789951, -0.1812,  0.0564,  0.9695, -3.9520, -1.1292, -5.7831
1493248557.4353790283,1493248557.4377820492, -0.1812,  0.0564,  0.9695, -3.9520, -1.1292, -5.7831
1493248557.4378550053,1493248557.4402589798, -0.1812,  0.0564,  0.9695, -4.3182, -1.0376, -5.6458
1493248557.4403300285,1493248557.4427421093, -0.1812,  0.0564,  0.9695, -4.3182, -1.0376, -5.6458
1493248557.4428141117,1493248557.4452040195, -0.1812,  0.0564,  0.9695, -4.3182, -1.0376, -5.6458
1493248557.4452750683,1493248557.4475579262, -0.1812,  0.0564,  0.9695, -4.3182, -1.0376, -5.6458
1493248557.4476289749,1493248557.4499111176, -0.1890,  0.0559,  0.9636, -4.3182, -1.0376, -5.1880
1493248557.4499809742,1493248557.4523329735, -0.1890,  0.0559,  0.9636, -4.3182, -1.5259, -5.1880
1493248557.4524040222,1493248557.4547240734, -0.1890,  0.0559,  0.9636, -4.3182, -1.5259, -5.1880
1493248557.4547939301,1493248557.4572060108, -0.1890,  0.0559,  0.9636, -4.3182, -1.5259, -5.1880
1493248557.4572770596,1493248557.4596779346, -0.1890,  0.0559,  0.9636, -4.3182, -1.5259, -5.1880
1493248557.4597480297,1493248557.4621579647, -0.1890,  0.0559,  0.9636, -4.6234, -1.4191, -5.6915
1493248557.4622280598,1493248557.4646389484, -0.1890,  0.0559,  0.9636, -4.6234, -1.4191, -5.6915
1493248557.4647550583,1493248557.4671630859, -0.1890,  0.0559,  0.9636, -4.6234, -1.4191, -5.6915
1493248557.4672350883,1493248557.4696390629, -0.1890,  0.0576,  0.9568, -4.6234, -1.4191, -5.6915
1493248557.4697101116,1493248557.4721240997, -0.1934,  0.0576,  0.9568, -4.3793, -1.7242, -5.3864
1493248557.4721949100,1493248557.4746301174, -0.1934,  0.0576,  0.9568, -4.3793, -1.7242, -5.3864
1493248557.4747719765,1493248557.4771881104, -0.1934,  0.0576,  0.9568, -4.3793, -1.7242, -5.3864
1493248557.4772589207,1493248557.4796669483, -0.1934,  0.0576,  0.9568, -4.3793, -1.7242, -5.3864
1493248557.4797379971,1493248557.4821479321, -0.1934,  0.0576,  0.9568, -4.3793, -1.5411, -5.4169
1493248557.4822189808,1493248557.4846270084, -0.1934,  0.0576,  0.9568, -4.5471, -1.5411, -5.4169
1493248557.4847519398,1493248557.4871690273, -0.1934,  0.0576,  0.9568, -4.5471, -1.5411, -5.4169
1493248557.4872400761,1493248557.4897549152, -0.1934,  0.0559,  0.9773, -4.5471, -1.5411, -5.4169
1493248557.4898769855,1493248557.4923970699, -0.1833,  0.0559,  0.9773, -4.5471, -1.5411, -5.4932
1493248557.4924681187,1493248557.4948780537, -0.1833,  0.0559,  0.9773, -4.1656, -1.3733, -5.4932
1493248557.4949491024,1493248557.4973199368, -0.1833,  0.0559,  0.9773, -4.1656, -1.3733, -5.4932
1493248557.4973928928,1493248557.4996790886, -0.1833,  0.0559,  0.9773, -4.1656, -1.3733, -5.4932
1493248557.4997498989,1493248557.5021290779, -0.1833,  0.0559,  0.9773, -4.1656, -1.3733, -5.4932
1493248557.5021998882,1493248557.5044860840, -0.1833,  0.0559,  0.9773, -4.8523, -1.4038, -5.0659
1493248557.5045568943,1493248557.5069758892, -0.1833,  0.0559,  0.9773, -4.8523, -1.4038, -5.0659
1493248557.5070478916,1493248557.5094521046, -0.1833,  0.0574,  0.9585, -4.8523, -1.4038, -5.0659
1493248557.5095229149,1493248557.5119280815, -0.1909,  0.0574,  0.9585, -4.8523, -1.4038, -5.0659
1493248557.5119988918,1493248557.5144059658, -0.1909,  0.0574,  0.9585, -4.8676, -1.4343, -4.9133
1493248557.5144770145,1493248557.5168929100, -0.1909,  0.0574,  0.9585, -4.8676, -1.4343, -4.9133
1493248557.5169639587,1493248557.5193679333, -0.1909,  0.0574,  0.9585, -4.8676, -1.4343, -4.9133
1493248557.5194380283,1493248557.5218460560, -0.1909,  0.0574,  0.9585, -4.8676, -1.4343, -4.9133
1493248557.5219171047,1493248557.5243239403, -0.1909,  0.0574,  0.9585, -4.8676, -1.3428, -5.3253
1493248557.5243959427,1493248557.5266950130, -0.1909,  0.0574,  0.9585, -4.3945, -1.3428, -5.3253
1493248557.5267660618,1493248557.5290510654, -0.1909,  0.0574,  0.9609, -4.3945, -1.3428, -5.3253
1493248557.5291209221,1493248557.5313980579, -0.1877,  0.0593,  0.9609, -4.3945, -1.3428, -5.3253
1493248557.5314679146,1493248557.5337541103, -0.1877,  0.0593,  0.9609, -4.3945, -1.3428, -5.3253
1493248557.5338239670,1493248557.5361170769, -0.1877,  0.0593,  0.9609, -4.4556, -1.8005, -5.6610
1493248557.5361878872,1493248557.5384700298, -0.1877,  0.0593,  0.9609, -4.4556, -1.8005, -5.6610
1493248557.5386650562,1493248557.5409560204, -0.1877,  0.0593,  0.9609, -4.4556, -1.8005, -5.6610
1493248557.5410261154,1493248557.5433080196, -0.1877,  0.0593,  0.9609, -4.4556, -1.8005, -5.6610
1493248557.5433781147,1493248557.5457880497, -0.1877,  0.0593,  0.9609, -4.4556, -1.8768, -5.5695
1493248557.5458590984,1493248557.5481359959, -0.1877,  0.0593,  0.9609, -5.1727, -1.8768, -5.5695
1493248557.5482070446,1493248557.5504879951, -0.1826,  0.0564,  0.9753, -5.1727, -1.8768, -5.5695
1493248557.5505599976,1493248557.5529320240, -0.1826,  0.0564,  0.9753, -5.1727, -1.8768, -5.5695
1493248557.5530040264,1493248557.5554399490, -0.1826,  0.0564,  0.9753, -5.1727, -1.8768, -5.5695
1493248557.5555119514,1493248557.5579230785, -0.1826,  0.0564,  0.9753, -4.5319, -1.7090, -5.7678
1493248557.5579938889,1493248557.5603969097, -0.1826,  0.0564,  0.9753, -4.5319, -1.7090, -5.7678
1493248557.5604679585,1493248557.5628700256, -0.1826,  0.0564,  0.9753, -4.5319, -1.7090, -5.7678
1493248557.5629410744,1493248557.5653600693, -0.1826,  0.0564,  0.9753, -4.5319, -1.7090, -5.7678
1493248557.5654311180,1493248557.5678379536, -0.1826,  0.0564,  0.9753, -4.2419, -1.7700, -5.2490
1493248557.5679090023,1493248557.5703148842, -0.1877,  0.0540,  0.9561, -4.2419, -1.7700, -5.2490
1493248557.5703859329,1493248557.5727939606, -0.1877,  0.0540,  0.9561, -4.2419, -1.7700, -5.2490
1493248557.5728650093,1493248557.5752809048, -0.1877,  0.0540,  0.9561, -4.2419, -1.7700, -5.2490
1493248557.5753540993,1493248557.5777618885, -0.1877,  0.0540,  0.9561, -4.1199, -1.6632, -5.4474
1493248557.5778329372,1493248557.5802309513, -0.1877,  0.0540,  0.9561, -4.1199, -1.6632, -5.4474
1493248557.5803020000,1493248557.5827069283, -0.1877,  0.0540,  0.9561, -4.1199, -1.6632, -5.4474
1493248557.5827789307,1493248557.5851969719, -0.1877,  0.0540,  0.9561, -4.1199, -1.6632, -5.4474
1493248557.5852680206,1493248557.5876760483, -0.1877,  0.0540,  0.9561, -4.1199, -1.6632, -5.4626
1493248557.5877470970,1493248557.5901529789, -0.1875,  0.0562,  0.9644, -4.0894, -1.5259, -5.4626
1493248557.5902240276,1493248557.5926299095, -0.1875,  0.0562,  0.9644, -4.0894, -1.5259, -5.4626
1493248557.5927009583,1493248557.5950999260, -0.1875,  0.0562,  0.9644, -4.0894, -1.5259, -5.4626
1493248557.5951709747,1493248557.5974509716, -0.1875,  0.0562,  0.9644, -4.0894, -1.5259, -5.4626
1493248557.5975210667,1493248557.5998029709, -0.1875,  0.0562,  0.9644, -4.6539, -0.9613, -5.3253
1493248557.5998759270,1493248557.6021580696, -0.1875,  0.0562,  0.9644, -4.6539, -0.9613, -5.3253
1493248557.6022300720,1493248557.6045110226, -0.1875,  0.0562,  0.9644, -4.6539, -0.9613, -5.3253
1493248557.6045830250,1493248557.6069839001, -0.1875,  0.0562,  0.9644, -4.6539, -0.9613, -5.3253
1493248557.6070559025,1493248557.6094529629, -0.1875,  0.0562,  0.9548, -3.9978, -1.8158, -5.2948
1493248557.6095230579,1493248557.6119139194, -0.1865,  0.0596,  0.9548, -3.9978, -1.8158, -5.2948
1493248557.6119840145,1493248557.6143789291, -0.1865,  0.0596,  0.9548, -3.9978, -1.8158, -5.2948
1493248557.6144490242,1493248557.6168899536, -0.1865,  0.0596,  0.9548, -3.9978, -1.8158, -5.2948
1493248557.6169610023,1493248557.6193530560, -0.1865,  0.0596,  0.9548, -3.9978, -1.8158, -5.3558
1493248557.6194241047,1493248557.6218159199, -0.1865,  0.0596,  0.9548, -4.3182, -2.0599, -5.3558
1493248557.6218860149,1493248557.6242790222, -0.1865,  0.0596,  0.9548, -4.3182, -2.0599, -5.3558
1493248557.6243479252,1493248557.6267549992, -0.1865,  0.0596,  0.9548, -4.3182, -2.0599, -5.3558
1493248557.6268250942,1493248557.6292159557, -0.1865,  0.0596,  0.9575, -4.3182, -2.0599, -5.3558
1493248557.6292860508,1493248557.6316781044, -0.1848,  0.0537,  0.9575, -4.4403, -1.3885, -5.0354
1493248557.6317479610,1493248557.6341431141, -0.1848,  0.0537,  0.9575, -4.4403, -1.3885, -5.0354
1493248557.6342151165,1493248557.6366178989, -0.1848,  0.0537,  0.9575, -4.4403, -1.3885, -5.0354
1493248557.6366879940,1493248557.6390829086, -0.1848,  0.0537,  0.9575, -4.4403, -1.3885, -5.0354
1493248557.6392629147,1493248557.6416599751, -0.1848,  0.0537,  0.9575, -4.8523, -1.3275, -5.0201
1493248557.6417310238,1493248557.6441209316, -0.1848,  0.0537,  0.9575, -4.8523, -1.3275, -5.0201
1493248557.6441910267,1493248557.6465098858, -0.1848,  0.0537,  0.9575, -4.8523, -1.3275, -5.0201
1493248557.6465809345,1493248557.6488718987, -0.1848,  0.0537,  0.9575, -4.8523, -1.3275, -5.0201
1493248557.6489429474,1493248557.6512279510, -0.1895,  0.0544,  0.9634, -4.8523, -0.9613, -5.6152
1493248557.6512980461,1493248557.6535758972, -0.1895,  0.0544,  0.9634, -4.3640, -0.9613, -5.6152
1493248557.6536469460,1493248557.6560049057, -0.1895,  0.0544,  0.9634, -4.3640, -0.9613, -5.6152
1493248557.6560769081,1493248557.6584780216, -0.1895,  0.0544,  0.9634, -4.3640, -0.9613, -5.6152
1493248557.6585490704,1493248557.6609520912, -0.1895,  0.0544,  0.9634, -4.3640, -0.9613, -5.6152
1493248557.6610240936,1493248557.6634280682, -0.1895,  0.0544,  0.9634, -4.1962, -1.3275, -5.3406
1493248557.6634991169,1493248557.6659159660, -0.1895,  0.0544,  0.9634, -4.1962, -1.3275, -5.3406
1493248557.6659860611,1493248557.6683928967, -0.1895,  0.0544,  0.9634, -4.1962, -1.3275, -5.3406
1493248557.6684639454,1493248557.6708691120, -0.1804,  0.0576,  0.9651, -4.1962, -1.3275, -5.3406
1493248557.6709399223,1493248557.6733429432, -0.1804,  0.0576,  0.9651, -3.9978, -1.6479, -5.7373
1493248557.6734139919,1493248557.6758239269, -0.1804,  0.0576,  0.9651, -3.9978, -1.6479, -5.7373
1493248557.6758949757,1493248557.6783030033, -0.1804,  0.0576,  0.9651, -3.9978, -1.6479, -5.7373
1493248557.6783750057,1493248557.6807820797, -0.1804,  0.0576,  0.9651, -3.9978, -1.6479, -5.7373
1493248557.6808519363,1493248557.6832621098, -0.1804,  0.0576,  0.9651, -4.2572, -1.6327, -5.3406
1493248557.6833341122,1493248557.6857559681, -0.1804,  0.0576,  0.9651, -4.2572, -1.6327, -5.3406
1493248557.6858270168,1493248557.6882359982, -0.1804,  0.0576,  0.9651, -4.2572, -1.6327, -5.3406
1493248557.6883070469,1493248557.6907091141, -0.1892,  0.0591,  0.9634, -4.2572, -1.6327, -5.3406
1493248557.6907811165,1493248557.6931910515, -0.1892,  0.0591,  0.9634, -4.2572, -1.6327, -5.4779
1493248557.6932621002,1493248557.6956338882, -0.1892,  0.0591,  0.9634, -4.5471, -1.0681, -5.4779
1493248557.6957049370,1493248557.6979939938, -0.1892,  0.0591,  0.9634, -4.5471, -1.0681, -5.4779
1493248557.6980650425,1493248557.7003469467, -0.1892,  0.0591,  0.9634, -4.5471, -1.0681, -5.4779
1493248557.7004170418,1493248557.7026960850, -0.1892,  0.0591,  0.9634, -4.5471, -1.0681, -5.4779
1493248557.7027668953,1493248557.7051129341, -0.1892,  0.0591,  0.9634, -4.5013, -1.4191, -5.8136
1493248557.7051839828,1493248557.7075929642, -0.1892,  0.0591,  0.9634, -4.5013, -1.4191, -5.8136
1493248557.7076640129,1493248557.7100670338, -0.1892,  0.0559,  0.9539, -4.5013, -1.4191, -5.8136
1493248557.7101380825,1493248557.7125499249, -0.1897,  0.0559,  0.9539, -4.5013, -1.4191, -5.8136
1493248557.7126209736,1493248557.7150330544, -0.1897,  0.0559,  0.9539, -4.3945, -1.2360, -5.6152
1493248557.7151029110,1493248557.7175140381, -0.1897,  0.0559,  0.9539, -4.3945, -1.2360, -5.6152
1493248557.7175850868,1493248557.7199900150, -0.1897,  0.0559,  0.9539, -4.3945, -1.2360, -5.6152
1493248557.7200610638,1493248557.7224650383, -0.1897,  0.0559,  0.9539, -4.3945, -1.2360, -5.6152
1493248557.7225360870,1493248557.7249510288, -0.1897,  0.0559,  0.9539, -4.3945, -1.2360, -5.4474
1493248557.7250220776,1493248557.7274260521, -0.1897,  0.0559,  0.9539, -4.1656, -1.4496, -5.4474
1493248557.7274971008,1493248557.7298979759, -0.1897,  0.0583,  0.9656, -4.1656, -1.4496, -5.4474
1493248557.7299690247,1493248557.7323720455, -0.1877,  0.0583,  0.9656, -4.1656, -1.4496, -5.4474
1493248557.7324430943,1493248557.7349190712, -0.1877,  0.0583,  0.9656, -4.1656, -1.4496, -5.4474
1493248557.7349898815,1493248557.7374010086, -0.1877,  0.0583,  0.9656, -4.5013, -1.3885, -5.4626
1493248557.7374711037,1493248557.7398779392, -0.1877,  0.0583,  0.9656, -4.5013, -1.3885, -5.4626
1493248557.7399489880,1493248557.7423579693, -0.1877,  0.0583,  0.9656, -4.5013, -1.3885, -5.4626
1493248557.7425379753,1493248557.7449469566, -0.1877,  0.0583,  0.9656, -4.5013, -1.3885, -5.4626
1493248557.7450180054,1493248557.7473020554, -0.1877,  0.0583,  0.9656, -4.3488, -1.0376, -5.6000
1493248557.7473731041,1493248557.7496559620, -0.1877,  0.0583,  0.9673, -4.3488, -1.0376, -5.6000
1493248557.7497270107,1493248557.7520101070, -0.1804,  0.0564,  0.9673, -4.3488, -1.0376, -5.6000
1493248557.7520809174,1493248557.7543640137, -0.1804,  0.0564,  0.9673, -4.3488, -1.0376, -5.6000
1493248557.7544341087,1493248557.7568120956, -0.1804,  0.0564,  0.9673, -4.3488, -1.0376, -5.4321
1493248557.7568829060,1493248557.7591650486, -0.1804,  0.0564,  0.9673, -4.3793, -1.4954, -5.4321
1493248557.7592349052,1493248557.7615180016, -0.1804,  0.0564,  0.9673, -4.3793, -1.4954, -5.4321
1493248557.7615890503,1493248557.7638709545, -0.1804,  0.0564,  0.9673, -4.3793, -1.4954, -5.4321
1493248557.7639410496,1493248557.7663409710, -0.1804,  0.0564,  0.9673, -4.3793, -1.4954, -5.4321
1493248557.7664120197,1493248557.7688219547, -0.1804,  0.0564,  0.9673, -4.1809, -1.3885, -5.2948
1493248557.7688930035,1493248557.7713029385, -0.1870,  0.0576,  0.9646, -4.1809, -1.3885, -5.2948
1493248557.7713730335,1493248557.7737829685, -0.1870,  0.0576,  0.9646, -4.1809, -1.3885, -5.2948
1493248557.7738540173,1493248557.7762999535, -0.1870,  0.0576,  0.9646, -4.1809, -1.3885, -5.2948
1493248557.7763710022,1493248557.7787740231, -0.1870,  0.0576,  0.9646, -3.9673, -0.9918, -5.5847
1493248557.7788460255,1493248557.7812519073, -0.1870,  0.0576,  0.9646, -3.9673, -0.9918, -5.5847
1493248557.7813239098,1493248557.7837300301, -0.1870,  0.0576,  0.9646, -3.9673, -0.9918, -5.5847
1493248557.7838010788,1493248557.7862129211, -0.1870,  0.0576,  0.9646, -3.9673, -0.9918, -5.5847
1493248557.7862849236,1493248557.7886860371, -0.1870,  0.0576,  0.9646, -3.9673, -1.2360, -5.6915
1493248557.7887570858,1493248557.7911629677, -0.1873,  0.0532,  0.9644, -4.3335, -1.2360, -5.6915
1493248557.7912340164,1493248557.7936398983, -0.1873,  0.0532,  0.9644, -4.3335, -1.2360, -5.6915
1493248557.7937109470,1493248557.7960579395, -0.1873,  0.0532,  0.9644, -4.3335, -1.2360, -5.6915
1493248557.7961289883,1493248557.7984139919, -0.1873,  0.0532,  0.9644, -4.3335, -1.2360, -5.6915
1493248557.7984840870,1493248557.8007590771, -0.1873,  0.0532,  0.9644, -4.6387, -1.0986, -5.4169
1493248557.8008298874,1493248557.8031139374, -0.1873,  0.0532,  0.9644, -4.6387, -1.0986, -5.4169
1493248557.8031849861,1493248557.8055319786, -0.1873,  0.0532,  0.9644, -4.6387, -1.0986, -5.4169
1493248557.8056020737,1493248557.8079879284, -0.1873,  0.0532,  0.9644, -4.6387, -1.0986, -5.4169
1493248557.8080589771,1493248557.8104479313, -0.1797,  0.0552,  0.9561, -4.2114, -1.4343, -5.3864
1493248557.8105189800,1493248557.8129079342, -0.1797,  0.0552,  0.9561, -4.2114, -1.4343, -5.3864
1493248557.8129789829,1493248557.8153870106, -0.1797,  0.0552,  0.9561, -4.2114, -1.4343, -5.3864
1493248557.8154590130,1493248557.8178489208, -0.1797,  0.0552,  0.9561, -4.2114, -1.4343, -5.3864
1493248557.8179199696,1493248557.8203101158, -0.1797,  0.0552,  0.9561, -4.2114, -1.5717, -5.0812
1493248557.8203809261,1493248557.8227720261, -0.1797,  0.0552,  0.9561, -4.5929, -1.5717, -5.0812
1493248557.8228430748,1493248557.8252780437, -0.1797,  0.0552,  0.9561, -4.5929, -1.5717, -5.0812
1493248557.8253490925,1493248557.8277359009, -0.1797,  0.0552,  0.9561, -4.5929, -1.5717, -5.0812
1493248557.8278069496,1493248557.8301959038, -0.1797,  0.0576,  0.9602, -4.5929, -1.5717, -5.0812
1493248557.8302669525,1493248557.8326530457, -0.1868,  0.0576,  0.9602, -4.3488, -1.6479, -5.4474
1493248557.8327240944,1493248557.8351280689, -0.1868,  0.0576,  0.9602, -4.3488, -1.6479, -5.4474
1493248557.8351979256,1493248557.8375871181, -0.1868,  0.0576,  0.9602, -4.3488, -1.6479, -5.4474
1493248557.8376569748,1493248557.8400459290, -0.1868,  0.0576,  0.9602, -4.3488, -1.6479, -5.4474
1493248557.8401169777,1493248557.8425080776, -0.1868,  0.0576,  0.9602, -4.3335, -1.4038, -5.3558
1493248557.8425779343,1493248557.8449659348, -0.1868,  0.0576,  0.9602, -4.3335, -1.4038, -5.3558
1493248557.8451430798,1493248557.8474299908, -0.1868,  0.0576,  0.9602, -4.3335, -1.4038, -5.3558
1493248557.8475000858,1493248557.8497829437, -0.1868,  0.0576,  0.9590, -4.3335, -1.4038, -5.3558
1493248557.8498530388,1493248557.8521370888, -0.1875,  0.0569,  0.9590, -4.3335, -1.5717, -5.2795
1493248557.8522078991,1493248557.8544929028, -0.1875,  0.0569,  0.9590, -4.5776, -1.5717, -5.2795
1493248557.8545629978,1493248557.8569989204, -0.1875,  0.0569,  0.9590, -4.5776, -1.5717, -5.2795
1493248557.8570699692,1493248557.8594770432, -0.1875,  0.0569,  0.9590, -4.5776, -1.5717, -5.2795
1493248557.8595490456,1493248557.8619480133, -0.1875,  0.0569,  0.9590, -4.5776, -1.5717, -5.2795
1493248557.8620190620,1493248557.8644258976, -0.1875,  0.0569,  0.9590, -4.5929, -1.7548, -5.4626
1493248557.8644969463,1493248557.8669068813, -0.1875,  0.0569,  0.9590, -4.5929, -1.7548, -5.4626
1493248557.8669779301,1493248557.8693830967, -0.1875,  0.0569,  0.9590, -4.5929, -1.7548, -5.4626
1493248557.8694539070,1493248557.8718609810, -0.1868,  0.0586,  0.9587, -4.5929, -1.7548, -5.4626
1493248557.8719320297,1493248557.8743391037, -0.1868,  0.0586,  0.9587, -4.9286, -1.9226, -5.1575
1493248557.8744099140,1493248557.8768289089, -0.1868,  0.0586,  0.9587, -4.9286, -1.9226, -5.1575
1493248557.8768999577,1493248557.8793048859, -0.1868,  0.0586,  0.9587, -4.9286, -1.9226, -5.1575
1493248557.8793759346,1493248557.8817839622, -0.1868,  0.0586,  0.9587, -4.9286, -1.9226, -5.1575
1493248557.8818550110,1493248557.8842599392, -0.1868,  0.0586,  0.9587, -4.5166, -1.3428, -5.3253
1493248557.8843309879,1493248557.8867509365, -0.1868,  0.0586,  0.9587, -4.5166, -1.3428, -5.3253
1493248557.8868219852,1493248557.8892281055, -0.1868,  0.0586,  0.9587, -4.5166, -1.3428, -5.3253
1493248557.8892989159,1493248557.8917040825, -0.1917,  0.0591,  0.9668, -4.5166, -1.3428, -5.3253
1493248557.8917760849,1493248557.8941791058, -0.1917,  0.0591,  0.9668, -4.5166, -1.3428, -5.8289
1493248557.8942511082,1493248557.8966109753, -0.1917,  0.0591,  0.9668, -4.6997, -1.2665, -5.8289
1493248557.8966820240,1493248557.8989639282, -0.1917,  0.0591,  0.9668, -4.6997, -1.2665, -5.8289
1493248557.8990349770,1493248557.9013190269, -0.1917,  0.0591,  0.9668, -4.6997, -1.2665, -5.8289
1493248557.9013900757,1493248557.9036679268, -0.1917,  0.0591,  0.9668, -4.6997, -1.2665, -5.8289
1493248557.9037389755,1493248557.9061388969, -0.1917,  0.0591,  0.9668, -4.9896, -1.3580, -6.2561
1493248557.9062108994,1493248557.9086160660, -0.1917,  0.0591,  0.9668, -4.9896, -1.3580, -6.2561
1493248557.9086880684,1493248557.9110939503, -0.1851,  0.0554,  0.9663, -4.9896, -1.3580, -6.2561
1493248557.9111649990,1493248557.9135680199, -0.1851,  0.0554,  0.9663, -4.9896, -1.3580, -6.2561
1493248557.9136390686,1493248557.9160840511, -0.1851,  0.0554,  0.9663, -4.9438, -1.3123, -5.8136
1493248557.9161539078,1493248557.9185600281, -0.1851,  0.0554,  0.9663, -4.9438, -1.3123, -5.8136
1493248557.9186310768,1493248557.9210391045, -0.1851,  0.0554,  0.9663, -4.9438, -1.3123, -5.8136
1493248557.9211099148,1493248557.9235119820, -0.1851,  0.0554,  0.9663, -4.9438, -1.3123, -5.8136
1493248557.9235820770,1493248557.9260029793, -0.1851,  0.0554,  0.9663, -4.9438, -1.3275, -6.1340
1493248557.9260740280,1493248557.9284811020, -0.1851,  0.0554,  0.9663, -4.4861, -1.3275, -6.1340
1493248557.9285519123,1493248557.9309580326, -0.1941,  0.0605,  0.9546, -4.4861, -1.3275, -6.1340
1493248557.9310290813,1493248557.9334309101, -0.1941,  0.0605,  0.9546, -4.4861, -1.3275, -6.1340
1493248557.9335019588,1493248557.9359230995, -0.1941,  0.0605,  0.9546, -4.4861, -1.3275, -6.1340
1493248557.9359939098,1493248557.9384009838, -0.1941,  0.0605,  0.9546, -4.8370, -1.6174, -6.6376
1493248557.9384720325,1493248557.9408810139, -0.1941,  0.0605,  0.9546, -4.8370, -1.6174, -6.6376
1493248557.9409511089,1493248557.9433619976, -0.1941,  0.0605,  0.9546, -4.8370, -1.6174, -6.6376
1493248557.9434330463,1493248557.9458220005, -0.1941,  0.0605,  0.9546, -4.8370, -1.6174, -6.6376
1493248557.9458940029,1493248557.9481780529, -0.1941,  0.0605,  0.9546, -4.9744, -1.2665, -6.1646
1493248557.9483580589,1493248557.9506440163, -0.1826,  0.0569,  0.9609, -4.9744, -1.2665, -6.1646
1493248557.9507150650,1493248557.9530019760, -0.1826,  0.0569,  0.9609, -4.9744, -1.2665, -6.1646
1493248557.9530720711,1493248557.9553990364, -0.1826,  0.0569,  0.9609, -4.9744, -1.2665, -6.1646
1493248557.9554700851,1493248557.9578790665, -0.1826,  0.0569,  0.9609, -4.9744, -1.3885, -5.9509
1493248557.9579501152,1493248557.9603528976, -0.1826,  0.0569,  0.9609, -4.3640, -1.3885, -5.9509
1493248557.9604239464,1493248557.9628310204, -0.1826,  0.0569,  0.9609, -4.3640, -1.3885, -5.9509
1493248557.9629020691,1493248557.9653170109, -0.1826,  0.0569,  0.9609, -4.3640, -1.3885, -5.9509
1493248557.9653871059,1493248557.9677870274, -0.1826,  0.0569,  0.9609, -4.3640, -1.3885, -6.5308
1493248557.9678590298,1493248557.9702620506, -0.1826,  0.0535,  0.9741, -4.4403, -1.2970, -6.5308
1493248557.9703330994,1493248557.9727380276, -0.1838,  0.0535,  0.9741, -4.4403, -1.2970, -6.5308
1493248557.9728090763,1493248557.9752120972, -0.1838,  0.0535,  0.9741, -4.4403, -1.2970, -6.5308
1493248557.9752829075,1493248557.9776868820, -0.1838,  0.0535,  0.9741, -4.4403, -1.2970, -6.5308
1493248557.9777579308,1493248557.9805610180, -0.1838,  0.0535,  0.9741, -4.8218, -0.6866, -7.5836
1493248557.9806349277,1493248557.9829180241, -0.1838,  0.0535,  0.9741, -4.8218, -0.6866, -7.5836
1493248557.9829881191,1493248557.9854729176, -0.1838,  0.0535,  0.9741, -4.8218, -0.6866, -7.5836
1493248557.9855449200,1493248557.9879169464, -0.1838,  0.0535,  0.9741, -4.8218, -0.6866, -7.5836
1493248557.9879889488,1493248557.9904630184, -0.1838,  0.0583,  0.9624, -5.0964, -0.4120, -8.1787
1493248557.9905350208,1493248557.9929130077, -0.1858,  0.0583,  0.9624, -5.0964, -0.4120, -8.1787
1493248557.9929850101,1493248557.9956870079, -0.1858,  0.0583,  0.9624, -5.0964, -0.4120, -8.1787
1493248557.9957599640,1493248557.9980459213, -0.1858,  0.0583,  0.9624, -5.0964, -0.4120, -8.1787
1493248557.9981191158,1493248558.0004038811, -0.1858,  0.0583,  0.9624, -4.9591, -0.5646, -7.9956
1493248558.0004749298,1493248558.0027630329, -0.1858,  0.0583,  0.9624, -4.9591, -0.5646, -7.9956
1493248558.0028328896,1493248558.0051391125, -0.1858,  0.0583,  0.9624, -4.9591, -0.5646, -7.9956
1493248558.0052099228,1493248558.0076179504, -0.1858,  0.0583,  0.9624, -4.9591, -0.5646, -7.9956
1493248558.0076889992,1493248558.0100979805, -0.1858,  0.0583,  0.9663, -4.9591, -0.5646, -7.3090
1493248558.0101699829,1493248558.0125799179, -0.1914,  0.0593,  0.9663, -5.2948, -1.2817, -7.3090
1493248558.0126500130,1493248558.0151081085, -0.1914,  0.0593,  0.9663, -5.2948, -1.2817, -7.3090
1493248558.0151789188,1493248558.0175859928, -0.1914,  0.0593,  0.9663, -5.2948, -1.2817, -7.3090
1493248558.0176570415,1493248558.0200679302, -0.1914,  0.0593,  0.9663, -5.2948, -1.2817, -7.3090
1493248558.0201380253,1493248558.0225489140, -0.1914,  0.0593,  0.9663, -5.3253, -1.2665, -7.4158
1493248558.0226199627,1493248558.0250110626, -0.1914,  0.0593,  0.9663, -5.3253, -1.2665, -7.4158
1493248558.0250821114,1493248558.0273709297, -0.1914,  0.0593,  0.9663, -5.3253, -1.2665, -7.4158
1493248558.0274410248,1493248558.0297269821, -0.1914,  0.0593,  0.9553, -5.3253, -1.2665, -7.4158
1493248558.0297970772,1493248558.0320849419, -0.1917,  0.0469,  0.9553, -5.2490, -0.7477, -7.7362
1493248558.0321578979,1493248558.0344450474, -0.1917,  0.0469,  0.9553, -5.2490, -0.7477, -7.7362
1493248558.0345170498,1493248558.0368220806, -0.1917,  0.0469,  0.9553, -5.2490, -0.7477, -7.7362
1493248558.0368940830,1493248558.0391829014, -0.1917,  0.0469,  0.9553, -5.2490, -0.7477, -7.7362
1493248558.0392549038,1493248558.0423638821, -0.1917,  0.0469,  0.9553, -5.2490, -0.7477, -7.7362
1493248558.0424380302,1493248558.0447409153, -0.1917,  0.0469,  0.9553, -4.2267, -1.1749, -7.7209
1493248558.0448119640,1493248558.0470890999, -0.1917,  0.0469,  0.9553, -4.2267, -1.1749, -7.7209
1493248558.0471599102,1493248558.0494379997, -0.1917,  0.0469,  0.9553, -4.2267, -1.1749, -7.7209
1493248558.0495090485,1493248558.0517909527, -0.1909,  0.0576,  0.9746, -4.2267, -1.1749, -7.7209
1493248558.0519869328,1493248558.0542719364, -0.1909,  0.0576,  0.9746, -4.3640, -1.1749, -7.2021
1493248558.0543420315,1493248558.0571820736, -0.1909,  0.0576,  0.9746, -4.3640, -1.1749, -7.2021
1493248558.0572528839,1493248558.0596640110, -0.1909,  0.0576,  0.9746, -4.3640, -1.1749, -7.2021
1493248558.0597341061,1493248558.0621409416, -0.1909,  0.0576,  0.9746, -4.3640, -1.1749, -7.2021
1493248558.0622110367,1493248558.0646169186, -0.1909,  0.0576,  0.9746, -4.7607, -1.5106, -6.2103
1493248558.0647480488,1493248558.0671548843, -0.1909,  0.0576,  0.9746, -4.7607, -1.5106, -6.2103
1493248558.0672240257,1493248558.0696420670, -0.1909,  0.0576,  0.9746, -4.7607, -1.5106, -6.2103
1493248558.0697119236,1493248558.0721158981, -0.1873,  0.0535,  0.9746, -4.7607, -1.5106, -6.2103
1493248558.0721869469,1493248558.0745940208, -0.1873,  0.0535,  0.9746, -4.5471, -1.9989, -5.4626
1493248558.0747179985,1493248558.0770089626, -0.1873,  0.0535,  0.9746, -4.5471, -1.9989, -5.4626
1493248558.0770790577,1493248558.0793569088, -0.1873,  0.0535,  0.9746, -4.5471, -1.9989, -5.4626
1493248558.0794260502,1493248558.0817070007, -0.1873,  0.0535,  0.9746, -4.5471, -1.9989, -5.4626
1493248558.0817770958,1493248558.0840640068, -0.1873,  0.0535,  0.9746, -4.5471, -1.9989, -4.8981
1493248558.0841341019,1493248558.0865349770, -0.1873,  0.0535,  0.9746, -3.7079, -1.6174, -4.8981
1493248558.0866050720,1493248558.0890190601, -0.1873,  0.0535,  0.9746, -3.7079, -1.6174, -4.8981
1493248558.0890901089,1493248558.0914940834, -0.1931,  0.0579,  0.9658, -3.7079, -1.6174, -4.8981
1493248558.0915648937,1493248558.0939710140, -0.1931,  0.0579,  0.9658, -3.7079, -1.6174, -4.8981
1493248558.0940411091,1493248558.0964050293, -0.1931,  0.0579,  0.9658, -4.0894, -1.6785, -5.1575
1493248558.0964760780,1493248558.0987560749, -0.1931,  0.0579,  0.9658, -4.0894, -1.6785, -5.1575
1493248558.0988268852,1493248558.1011080742, -0.1931,  0.0579,  0.9658, -4.0894, -1.6785, -5.1575
1493248558.1011788845,1493248558.1034669876, -0.1931,  0.0579,  0.9658, -4.0894, -1.6785, -5.1575
1493248558.1035380363,1493248558.1059880257, -0.1931,  0.0579,  0.9658, -4.0894, -1.6937, -5.1117
1493248558.1060590744,1493248558.1083519459, -0.1931,  0.0579,  0.9658, -4.3335, -1.6937, -5.1117
1493248558.1084229946,1493248558.1107048988, -0.1306,  0.0537,  0.9634, -4.3335, -1.6937, -5.1117
1493248558.1107749939,1493248558.1130549908, -0.1826,  0.0537,  0.9634, -4.3335, -1.6937, -5.1117
1493248558.1131250858,1493248558.1156198978, -0.1826,  0.0537,  0.9634, -4.3335, -1.6937, -5.1117
1493248558.1156909466,1493248558.1180961132, -0.1826,  0.0537,  0.9634, -4.0588, -1.6937, -5.4321
1493248558.1181669235,1493248558.1205749512, -0.1826,  0.0537,  0.9634, -4.0588, -1.6937, -5.4321
1493248558.1206450462,1493248558.1230549812, -0.1826,  0.0537,  0.9634, -4.0588, -1.6937, -5.4321
1493248558.1231250763,1493248558.1255381107, -0.1826,  0.0537,  0.9634, -4.0588, -1.6937, -5.4321
1493248558.1256079674,1493248558.1280210018, -0.1826,  0.0537,  0.9634, -3.7537, -1.1444, -5.4321
1493248558.1280920506,1493248558.1304979324, -0.1826,  0.0583,  0.9612, -3.7537, -1.1444, -5.4321
1493248558.1305689812,1493248558.1329751015, -0.1917,  0.0583,  0.9612, -3.7537, -1.1444, -5.4321
1493248558.1330459118,1493248558.1355218887, -0.1917,  0.0583,  0.9612, -3.7537, -1.1444, -5.4321
1493248558.1355929375,1493248558.1379959583, -0.1917,  0.0583,  0.9612, -4.1199, -1.3275, -5.1117
1493248558.1380670071,1493248558.1404750347, -0.1917,  0.0583,  0.9612, -4.1199, -1.3275, -5.1117
1493248558.1405460835,1493248558.1429600716, -0.1917,  0.0583,  0.9612, -4.1199, -1.3275, -5.1117
1493248558.1430299282,1493248558.1454429626, -0.1917,  0.0583,  0.9612, -4.1199, -1.3275, -5.1117
1493248558.1455130577,1493248558.1478049755, -0.1917,  0.0583,  0.9612, -4.1199, -1.3275, -5.2643
1493248558.1478760242,1493248558.1501600742, -0.1917,  0.0583,  0.9700, -4.2267, -1.3428, -5.2643
1493248558.1502308846,1493248558.1525158882, -0.1912,  0.0552,  0.9700, -4.2267, -1.3428, -5.2643
1493248558.1526949406,1493248558.1549839973, -0.1912,  0.0552,  0.9700, -4.2267, -1.3428, -5.2643
1493248558.1550540924,1493248558.1573300362, -0.1912,  0.0552,  0.9700, -4.2267, -1.3428, -5.2643
1493248558.1573998928,1493248558.1596829891, -0.1912,  0.0552,  0.9700, -3.8605, -1.3428, -5.0201
1493248558.1597540379,1493248558.1620409489, -0.1912,  0.0552,  0.9700, -3.8605, -1.3428, -5.0201
1493248558.1621110439,1493248558.1643900871, -0.1912,  0.0552,  0.9700, -3.8605, -1.3428, -5.0201
1493248558.1644608974,1493248558.1669130325, -0.1912,  0.0552,  0.9700, -3.8605, -1.3428, -5.0201
1493248558.1669828892,1493248558.1693909168, -0.1912,  0.0552,  0.9700, -7.7667, -1.6632, -5.3253
1493248558.1694619656,1493248558.1719539165, -0.1887,  0.0564,  0.9683, -4.3488, -1.6632, -5.3253
1493248558.1720249653,1493248558.1744329929, -0.1887,  0.0564,  0.9683, -4.3488, -1.6632, -5.3253
1493248558.1745040417,1493248558.1769249439, -0.1887,  0.0564,  0.9683, -4.3488, -1.6632, -5.3253
1493248558.1769959927,1493248558.1794049740, -0.1887,  0.0564,  0.9683, -4.3488, -1.6632, -5.2643
1493248558.1794760227,1493248558.1818790436, -0.1887,  0.0564,  0.9683, -4.8218, -1.5564, -5.2643
1493248558.1819489002,1493248558.1843509674, -0.1887,  0.0564,  0.9683, -4.8218, -1.5564, -5.2643
1493248558.1844210625,1493248558.1868300438, -0.1887,  0.0564,  0.9683, -4.8218, -1.5564, -5.2643
1493248558.1869010925,1493248558.1893041134, -0.1887,  0.0564,  0.9683, -4.8218, -1.5564, -5.2643
1493248558.1893749237,1493248558.1917788982, -0.1865,  0.0598,  0.9746, -4.1199, -1.5869, -5.1727
1493248558.1918499470,1493248558.1942560673, -0.1865,  0.0598,  0.9746, -4.1199, -1.5869, -5.1727
1493248558.1943259239,1493248558.1966369152, -0.1865,  0.0598,  0.9746, -4.1199, -1.5869, -5.1727
1493248558.1967060566,1493248558.1989901066, -0.1865,  0.0598,  0.9746, -4.1199, -1.5869, -5.1727
1493248558.1990599632,1493248558.2013380527, -0.1865,  0.0598,  0.9746, -4.3335, -1.1597, -5.4626
1493248558.2014079094,1493248558.2036890984, -0.1865,  0.0598,  0.9746, -4.3335, -1.1597, -5.4626
1493248558.2037589550,1493248558.2060649395, -0.1865,  0.0598,  0.9746, -4.3335, -1.1597, -5.4626
1493248558.2061359882,1493248558.2084200382, -0.1865,  0.0598,  0.9746, -4.3335, -1.1597, -5.4626
1493248558.2084898949,1493248558.2107729912, -0.2490,  0.0569,  0.9697, -4.3335, -1.1597, -5.4626
1493248558.2108430862,1493248558.2131249905, -0.1936,  0.0569,  0.9697, -4.3488, -1.0834, -5.2338
1493248558.2131950855,1493248558.2155880928, -0.1936,  0.0569,  0.9697, -4.3488, -1.0834, -5.2338
1493248558.2156589031,1493248558.2179429531, -0.1936,  0.0569,  0.9697, -4.3488, -1.0834, -5.2338
1493248558.2180120945,1493248558.2202949524, -0.1936,  0.0569,  0.9697, -4.3488, -1.0834, -5.2338
1493248558.2203650475,1493248558.2226479053, -0.1936,  0.0569,  0.9697, -4.1351, -1.2970, -5.3711
1493248558.2227189541,1493248558.2250430584, -0.1936,  0.0569,  0.9697, -4.1351, -1.2970, -5.3711
1493248558.2251129150,1493248558.2275230885, -0.1936,  0.0569,  0.9697, -4.1351, -1.2970, -5.3711
1493248558.2275950909,1493248558.2300059795, -0.1936,  0.0569,  0.9697, -4.1351, -1.2970, -5.3711
1493248558.2300770283,1493248558.2324790955, -0.1907,  0.0537,  0.9541, -4.1351, -1.2970, -5.3558
1493248558.2325499058,1493248558.2349638939, -0.1907,  0.0537,  0.9541, -4.7760, -1.4648, -5.3558
1493248558.2350349426,1493248558.2373249531, -0.1907,  0.0537,  0.9541, -4.7760, -1.4648, -5.3558
1493248558.2373960018,1493248558.2396829128, -0.1907,  0.0537,  0.9541, -4.7760, -1.4648, -5.3558
1493248558.2397520542,1493248558.2420339584, -0.1907,  0.0537,  0.9541, -4.7760, -1.4648, -5.3558
1493248558.2421040535,1493248558.2443840504, -0.1907,  0.0537,  0.9541, -4.4098, -1.1597, -5.3101
1493248558.2444539070,1493248558.2467820644, -0.1907,  0.0537,  0.9541, -4.4098, -1.1597, -5.3101
1493248558.2468531132,1493248558.2491319180, -0.1907,  0.0537,  0.9541, -4.4098, -1.1597, -5.3101
1493248558.2492020130,1493248558.2514851093, -0.1938,  0.0537,  0.9607, -4.4098, -1.1597, -5.3101
1493248558.2515540123,1493248558.2538349628, -0.1938,  0.0537,  0.9607, -4.4098, -1.6174, -5.4169
1493248558.2540149689,1493248558.2563080788, -0.1938,  0.0537,  0.9607, -4.3793, -1.6174, -5.4169
1493248558.2563779354,1493248558.2586610317, -0.1938,  0.0537,  0.9607, -4.3793, -1.6174, -5.4169
1493248558.2587308884,1493248558.2610120773, -0.1938,  0.0537,  0.9607, -4.3793, -1.6174, -5.4169
1493248558.2610819340,1493248558.2633659840, -0.1938,  0.0537,  0.9607, -4.3793, -1.6174, -5.4169
1493248558.2634370327,1493248558.2658050060, -0.1938,  0.0537,  0.9607, -4.2572, -1.4648, -5.1727
1493248558.2658760548,1493248558.2682878971, -0.1938,  0.0537,  0.9607, -4.2572, -1.4648, -5.1727
1493248558.2683589458,1493248558.2707669735, -0.1938,  0.0579,  0.9517, -4.2572, -1.4648, -5.1727
1493248558.2708380222,1493248558.2732479572, -0.1938,  0.0579,  0.9517, -4.2572, -1.4648, -5.1727
1493248558.2733180523,1493248558.2757349014, -0.1938,  0.0579,  0.9517, -3.8452, -1.4191, -5.2643
1493248558.2758059502,1493248558.2782170773, -0.1938,  0.0579,  0.9517, -3.8452, -1.4191, -5.2643
1493248558.2782878876,1493248558.2806940079, -0.1938,  0.0579,  0.9517, -3.8452, -1.4191, -5.2643
1493248558.2807650566,1493248558.2831730843, -0.1938,  0.0579,  0.9517, -3.8452, -1.4191, -5.2643
1493248558.2832438946,1493248558.2857019901, -0.1938,  0.0579,  0.9517, -7.7515, -1.6785, -5.4779
1493248558.2857720852,1493248558.2881779671, -0.1938,  0.0579,  0.9517, -4.0436, -1.6785, -5.4779
1493248558.2882490158,1493248558.2906610966, -0.1938,  0.0542,  0.9707, -4.0436, -1.6785, -5.4779
1493248558.2907319069,1493248558.2931380272, -0.1899,  0.0542,  0.9707, -4.0436, -1.6785, -5.4779
1493248558.2932100296,1493248558.2956180573, -0.1899,  0.0542,  0.9707, -4.0436, -1.6785, -5.6152
1493248558.2956900597,1493248558.2980999947, -0.1899,  0.0542,  0.9707, -4.0894, -1.5106, -5.6152
1493248558.2981719971,1493248558.3005781174, -0.1899,  0.0542,  0.9707, -4.0894, -1.5106, -5.6152
1493248558.3006489277,1493248558.3030550480, -0.1899,  0.0542,  0.9707, -4.0894, -1.5106, -5.6152
1493248558.3031270504,1493248558.3055050373, -0.1899,  0.0542,  0.9707, -4.0894, -1.5106, -5.6152
1493248558.3055760860,1493248558.3078560829, -0.1899,  0.0542,  0.9707, -3.9673, -1.7853, -5.5084
1493248558.3079259396,1493248558.3102109432, -0.1899,  0.0542,  0.9587, -3.9673, -1.7853, -5.5084
1493248558.3102819920,1493248558.3125610352, -0.1890,  0.0557,  0.9587, -3.9673, -1.7853, -5.5084
1493248558.3126320839,1493248558.3149409294, -0.1890,  0.0557,  0.9587, -3.9673, -1.7853, -5.5084
1493248558.3150110245,1493248558.3174209595, -0.1890,  0.0557,  0.9587, -3.9673, -1.5564, -5.6305
1493248558.3174910545,1493248558.3199000359, -0.1890,  0.0557,  0.9587, -4.4556, -1.5564, -5.6305
1493248558.3199720383,1493248558.3223779202, -0.1890,  0.0557,  0.9587, -4.4556, -1.5564, -5.6305
1493248558.3224480152,1493248558.3248999119, -0.1890,  0.0557,  0.9587, -4.4556, -1.5564, -5.6305
1493248558.3249709606,1493248558.3273758888, -0.1890,  0.0557,  0.9587, -4.4556, -1.5564, -5.2948
1493248558.3274459839,1493248558.3298599720, -0.1890,  0.0557,  0.9587, -4.4403, -1.4496, -5.2948
1493248558.3299319744,1493248558.3323380947, -0.1880,  0.0571,  0.9673, -4.4403, -1.4496, -5.2948
1493248558.3324089050,1493248558.3348169327, -0.1880,  0.0571,  0.9673, -4.4403, -1.4496, -5.2948
1493248558.3348879814,1493248558.3372960091, -0.1880,  0.0571,  0.9673, -4.4403, -1.4496, -5.2948
1493248558.3373670578,1493248558.3397688866, -0.1880,  0.0571,  0.9673, -3.9825, -1.3275, -5.1575
1493248558.3398399353,1493248558.3422460556, -0.1880,  0.0571,  0.9673, -3.9825, -1.3275, -5.1575
1493248558.3423159122,1493248558.3447329998, -0.1880,  0.0571,  0.9673, -3.9825, -1.3275, -5.1575
1493248558.3448030949,1493248558.3472080231, -0.1880,  0.0571,  0.9673, -3.9825, -1.3275, -5.1575
1493248558.3472790718,1493248558.3496840000, -0.1880,  0.0571,  0.9673, -4.4708, -1.4648, -5.7373
1493248558.3497540951,1493248558.3521590233, -0.1831,  0.0547,  0.9648, -4.4708, -1.4648, -5.7373
1493248558.3522300720,1493248558.3546369076, -0.1831,  0.0547,  0.9648, -4.4708, -1.4648, -5.7373
1493248558.3547539711,1493248558.3570370674, -0.1831,  0.0547,  0.9648, -4.4708, -1.4648, -5.7373
1493248558.3572220802,1493248558.3595058918, -0.1831,  0.0547,  0.9648, -4.4708, -1.6937, -5.1727
1493248558.3595759869,1493248558.3618590832, -0.1831,  0.0547,  0.9648, -4.1199, -1.6937, -5.1727
1493248558.3619298935,1493248558.3642098904, -0.1831,  0.0547,  0.9648, -4.1199, -1.6937, -5.1727
1493248558.3642799854,1493248558.3667259216, -0.1831,  0.0547,  0.9648, -4.1199, -1.6937, -5.1727
1493248558.3667969704,1493248558.3692009449, -0.1831,  0.0547,  0.9648, -4.1199, -1.6937, -5.1727
1493248558.3692719936,1493248558.3716781139, -0.1921,  0.0569,  0.9729, -3.9825, -1.7242, -5.5084
1493248558.3717489243,1493248558.3741569519, -0.1921,  0.0569,  0.9729, -3.9825, -1.7242, -5.5084
1493248558.3742270470,1493248558.3766798973, -0.1921,  0.0569,  0.9729, -3.9825, -1.7242, -5.5084
1493248558.3767499924,1493248558.3791608810, -0.1921,  0.0569,  0.9729, -3.9825, -1.7242, -5.5084
1493248558.3792309761,1493248558.3816399574, -0.1921,  0.0569,  0.9729, -3.8147, -1.6479, -5.2490
1493248558.3817110062,1493248558.3841199875, -0.1921,  0.0569,  0.9729, -3.8147, -1.6479, -5.2490
1493248558.3841910362,1493248558.3865959644, -0.1921,  0.0569,  0.9729, -3.8147, -1.6479, -5.2490
1493248558.3866670132,1493248558.3890740871, -0.1921,  0.0569,  0.9729, -3.8147, -1.6479, -5.2490
1493248558.3891448975,1493248558.3915529251, -0.1892,  0.0544,  0.9697, -4.4403, -1.0529, -5.5389
1493248558.3916239738,1493248558.3940329552, -0.1892,  0.0544,  0.9697, -4.4403, -1.0529, -5.5389
1493248558.3941030502,1493248558.3965210915, -0.1892,  0.0544,  0.9697, -4.4403, -1.0529, -5.5389
1493248558.3965909481,1493248558.3990008831, -0.1892,  0.0544,  0.9697, -4.4403, -1.0529, -5.5389
1493248558.3990719318,1493248558.4014840126, -0.1892,  0.0544,  0.9697, -4.4403, -1.0529, -5.4321
1493248558.4015550613,1493248558.4039618969, -0.1892,  0.0544,  0.9697, -4.6692, -1.3428, -5.4321
1493248558.4040319920,1493248558.4063940048, -0.1892,  0.0544,  0.9697, -4.6692, -1.3428, -5.4321
1493248558.4064650536,1493248558.4087469578, -0.1892,  0.0544,  0.9697, -4.6692, -1.3428, -5.4321
1493248558.4088170528,1493248558.4110960960, -0.1892,  0.0569,  0.9663, -4.6692, -1.3428, -5.4321
1493248558.4111659527,1493248558.4134469032, -0.1931,  0.0569,  0.9663, -4.5929, -1.3885, -5.4779
1493248558.4135169983,1493248558.4159100056, -0.1931,  0.0569,  0.9663, -4.5929, -1.3885, -5.4779
1493248558.4159810543,1493248558.4183859825, -0.1931,  0.0569,  0.9663, -4.5929, -1.3885, -5.4779
1493248558.4184560776,1493248558.4208660126, -0.1931,  0.0569,  0.9663, -4.5929, -1.3885, -5.4779
1493248558.4209361076,1493248558.4233479500, -0.1931,  0.0569,  0.9663, -4.1199, -1.5411, -5.4169
1493248558.4234180450,1493248558.4258339405, -0.1931,  0.0569,  0.9663, -4.1199, -1.5411, -5.4169
1493248558.4259040356,1493248558.4283099174, -0.1931,  0.0569,  0.9663, -4.1199, -1.5411, -5.4169
1493248558.4283800125,1493248558.4307889938, -0.1931,  0.0569,  0.9629, -4.1199, -1.5411, -5.4169
1493248558.4308590889,1493248558.4332671165, -0.1948,  0.0576,  0.9629, -4.1199, -1.5411, -5.4626
1493248558.4333379269,1493248558.4357550144, -0.1948,  0.0576,  0.9629, -4.0741, -1.2817, -5.4626
1493248558.4358251095,1493248558.4382278919, -0.1948,  0.0576,  0.9629, -4.0741, -1.2817, -5.4626
1493248558.4382989407,1493248558.4407079220, -0.1948,  0.0576,  0.9629, -4.0741, -1.2817, -5.4626
1493248558.4407780170,1493248558.4431850910, -0.1948,  0.0576,  0.9629, -4.0741, -1.2817, -5.4626
1493248558.4432559013,1493248558.4457130432, -0.1948,  0.0576,  0.9629, -4.2267, -1.6022, -5.1422
1493248558.4457850456,1493248558.4481949806, -0.1948,  0.0576,  0.9629, -4.2267, -1.6022, -5.1422
1493248558.4482650757,1493248558.4506740570, -0.1948,  0.0576,  0.9692, -4.2267, -1.6022, -5.1422
1493248558.4507451057,1493248558.4531540871, -0.1853,  0.0583,  0.9692, -4.2267, -1.6022, -5.1422
1493248558.4532239437,1493248558.4556460381, -0.1853,  0.0583,  0.9692, -4.1962, -1.3885, -5.2795
1493248558.4557170868,1493248558.4580008984, -0.1853,  0.0583,  0.9692, -4.1962, -1.3885, -5.2795
1493248558.4580709934,1493248558.4603579044, -0.1853,  0.0583,  0.9692, -4.1962, -1.3885, -5.2795
1493248558.4605309963,1493248558.4628169537, -0.1853,  0.0583,  0.9692, -4.1962, -1.3885, -5.2795
1493248558.4628870487,1493248558.4652059078, -0.1853,  0.0583,  0.9692, -4.1962, -1.6785, -5.4169
1493248558.4652760029,1493248558.4676849842, -0.1853,  0.0583,  0.9692, -4.4250, -1.6785, -5.4169
1493248558.4677550793,1493248558.4701569080, -0.1853,  0.0583,  0.9692, -4.4250, -1.6785, -5.4169
1493248558.4702270031,1493248558.4726319313, -0.1980,  0.0544,  0.9636, -4.4250, -1.6785, -5.4169
1493248558.4727039337,1493248558.4751191139, -0.1980,  0.0544,  0.9636, -4.4250, -1.6785, -5.4169
1493248558.4751899242,1493248558.4775929451, -0.1980,  0.0544,  0.9636, -4.5166, -1.6174, -5.4626
1493248558.4776630402,1493248558.4800689220, -0.1980,  0.0544,  0.9636, -4.5166, -1.6174, -5.4626
1493248558.4801390171,1493248558.4825460911, -0.1980,  0.0544,  0.9636, -4.5166, -1.6174, -5.4626
1493248558.4826159477,1493248558.4850289822, -0.1980,  0.0544,  0.9636, -4.5166, -1.6174, -5.4626
1493248558.4851000309,1493248558.4875080585, -0.1980,  0.0544,  0.9636, -5.1575, -1.6327, -5.3711
1493248558.4875791073,1493248558.4899868965, -0.1980,  0.0544,  0.9636, -5.1575, -1.6327, -5.3711
1493248558.4900579453,1493248558.4924600124, -0.1792,  0.0532,  0.9631, -5.1575, -1.6327, -5.3711
1493248558.4925310612,1493248558.4949500561, -0.1792,  0.0532,  0.9631, -5.1575, -1.6327, -5.3711
1493248558.4950211048,1493248558.4974260330, -0.1792,  0.0532,  0.9631, -4.6997, -1.5259, -5.3253
1493248558.4974958897,1493248558.4999051094, -0.1792,  0.0532,  0.9631, -4.6997, -1.5259, -5.3253
1493248558.4999749660,1493248558.5023820400, -0.1792,  0.0532,  0.9631, -4.6997, -1.5259, -5.3253
1493248558.5024518967,1493248558.5049090385, -0.1792,  0.0532,  0.9631, -4.6997, -1.5259, -5.3253
1493248558.5049800873,1493248558.5072619915, -0.1792,  0.0532,  0.9631, -4.6997, -1.5259, -5.4932
1493248558.5073330402,1493248558.5096130371, -0.1792,  0.0532,  0.9631, -4.7913, -1.9379, -5.4932
1493248558.5096819401,1493248558.5119640827, -0.1829,  0.0581,  0.9626, -4.7913, -1.9379, -5.4932
1493248558.5120348930,1493248558.5143160820, -0.1829,  0.0581,  0.9626, -4.7913, -1.9379, -5.4932
1493248558.5143849850,1493248558.5167839527, -0.1829,  0.0581,  0.9626, -4.7913, -1.9379, -5.4932
1493248558.5168540478,1493248558.5192620754, -0.1829,  0.0581,  0.9626, -4.5471, -1.6937, -5.3711
1493248558.5193319321,1493248558.5217421055, -0.1829,  0.0581,  0.9626, -4.5471, -1.6937, -5.3711
1493248558.5218129158,1493248558.5242190361, -0.1829,  0.0581,  0.9626, -4.5471, -1.6937, -5.3711
1493248558.5242900848,1493248558.5267090797, -0.1829,  0.0581,  0.9626, -4.5471, -1.6937, -5.3711
1493248558.5267798901,1493248558.5291969776, -0.1829,  0.0581,  0.9626, -4.5166, -1.5411, -5.6152
1493248558.5292670727,1493248558.5316779613, -0.1880,  0.0542,  0.9607, -4.5166, -1.5411, -5.6152
1493248558.5317490101,1493248558.5341520309, -0.1880,  0.0542,  0.9607, -4.5166, -1.5411, -5.6152
1493248558.5342240334,1493248558.5366730690, -0.1880,  0.0542,  0.9607, -4.5166, -1.5411, -5.6152
1493248558.5367429256,1493248558.5391509533, -0.1880,  0.0542,  0.9607, -4.5166, -1.4801, -5.8289
1493248558.5392229557,1493248558.5416309834, -0.1880,  0.0542,  0.9607, -3.8910, -1.4801, -5.8289
1493248558.5417020321,1493248558.5441091061, -0.1880,  0.0542,  0.9607, -3.8910, -1.4801, -5.8289
1493248558.5441799164,1493248558.5466029644, -0.1880,  0.0542,  0.9607, -3.8910, -1.4801, -5.8289
1493248558.5466740131,1493248558.5490810871, -0.1880,  0.0542,  0.9607, -3.8910, -1.4801, -5.8289
1493248558.5491518974,1493248558.5515599251, -0.1858,  0.0559,  0.9766, -4.2419, -1.5717, -5.3101
1493248558.5516309738,1493248558.5540359020, -0.1858,  0.0559,  0.9766, -4.2419, -1.5717, -5.3101
1493248558.5541069508,1493248558.5564360619, -0.1858,  0.0559,  0.9766, -4.2419, -1.5717, -5.3101
1493248558.5565071106,1493248558.5587930679, -0.1858,  0.0559,  0.9766, -4.2419, -1.5717, -5.3101
1493248558.5588641167,1493248558.5611510277, -0.1858,  0.0559,  0.9766, -4.3793, -1.4954, -5.5695
1493248558.5612220764,1493248558.5635020733, -0.1858,  0.0559,  0.9766, -4.3793, -1.4954, -5.5695
1493248558.5636870861,1493248558.5660970211, -0.1858,  0.0559,  0.9766, -4.3793, -1.4954, -5.5695
1493248558.5661680698,1493248558.5685689449, -0.1858,  0.0559,  0.9766, -4.3793, -1.4954, -5.5695
1493248558.5686390400,1493248558.5710449219, -0.1858,  0.0559,  0.9604, -4.3793, -1.3580, -5.4474
1493248558.5711159706,1493248558.5735189915, -0.1941,  0.0569,  0.9604, -4.5013, -1.3580, -5.4474
1493248558.5735909939,1493248558.5760080814, -0.1941,  0.0569,  0.9604, -4.5013, -1.3580, -5.4474
1493248558.5760800838,1493248558.5784850121, -0.1941,  0.0569,  0.9604, -4.5013, -1.3580, -5.4474
1493248558.5785560608,1493248558.5809650421, -0.1941,  0.0569,  0.9604, -4.5013, -1.3580, -5.9204
1493248558.5810370445,1493248558.5834419727, -0.1941,  0.0569,  0.9604, -4.2572, -1.3733, -5.9204
1493248558.5835139751,1493248558.5859351158, -0.1941,  0.0569,  0.9604, -4.2572, -1.3733, -5.9204
1493248558.5860049725,1493248558.5884110928, -0.1941,  0.0569,  0.9604, -4.2572, -1.3733, -5.9204
1493248558.5884830952,1493248558.5908920765, -0.1941,  0.0569,  0.9697, -4.2572, -1.3733, -5.9204
1493248558.5909628868,1493248558.5933690071, -0.1917,  0.0601,  0.9697, -4.5624, -1.6785, -5.7373
1493248558.5934400558,1493248558.5958309174, -0.1917,  0.0601,  0.9697, -4.5624, -1.6785, -5.7373
1493248558.5959029198,1493248558.5981860161, -0.1917,  0.0601,  0.9697, -4.5624, -1.6785, -5.7373
1493248558.5982570648,1493248558.6005361080, -0.1917,  0.0601,  0.9697, -4.5624, -1.6785, -5.7373
1493248558.6006069183,1493248558.6028840542, -0.1917,  0.0601,  0.9697, -4.6387, -1.6632, -5.5389
1493248558.6029551029,1493248558.6053109169, -0.1917,  0.0601,  0.9697, -4.6387, -1.6632, -5.5389
1493248558.6053819656,1493248558.6077899933, -0.1917,  0.0601,  0.9697, -4.6387, -1.6632, -5.5389
1493248558.6078610420,1493248558.6102631092, -0.1917,  0.0601,  0.9697, -4.6387, -1.6632, -5.5389
1493248558.6103339195,1493248558.6127390862, -0.1943,  0.0542,  0.9683, -4.6387, -1.6632, -5.7526
1493248558.6128098965,1493248558.6152229309, -0.1943,  0.0542,  0.9683, -4.6692, -1.2817, -5.7526
1493248558.6152930260,1493248558.6177020073, -0.1943,  0.0542,  0.9683, -4.6692, -1.2817, -5.7526
1493248558.6177721024,1493248558.6201789379, -0.1943,  0.0542,  0.9683, -4.6692, -1.2817, -5.7526
1493248558.6202490330,1493248558.6226589680, -0.1943,  0.0542,  0.9683, -4.6692, -1.2817, -5.7526
1493248558.6227290630,1493248558.6251449585, -0.1943,  0.0542,  0.9683, -4.7150, -1.3428, -5.5542
1493248558.6252150536,1493248558.6276249886, -0.1943,  0.0542,  0.9683, -4.7150, -1.3428, -5.5542
1493248558.6276960373,1493248558.6301000118, -0.1943,  0.0542,  0.9683, -4.7150, -1.3428, -5.5542
1493248558.6301710606,1493248558.6325740814, -0.1858,  0.0520,  0.9651, -4.7150, -1.3428, -5.5542
1493248558.6326448917,1493248558.6351039410, -0.1858,  0.0520,  0.9651, -4.1656, -1.4801, -5.4169
1493248558.6351749897,1493248558.6375908852, -0.1858,  0.0520,  0.9651, -4.1656, -1.4801, -5.4169
1493248558.6376619339,1493248558.6400721073, -0.1858,  0.0520,  0.9651, -4.1656, -1.4801, -5.4169
1493248558.6401441097,1493248558.6425540447, -0.1858,  0.0520,  0.9651, -4.1656, -1.4801, -5.4169
1493248558.6426239014,1493248558.6450779438, -0.1858,  0.0520,  0.9651, -4.1656, -1.8616, -5.7678
1493248558.6451480389,1493248558.6474339962, -0.1858,  0.0520,  0.9651, -4.4861, -1.8616, -5.7678
1493248558.6475040913,1493248558.6497840881, -0.1858,  0.0520,  0.9651, -4.4861, -1.8616, -5.7678
1493248558.6498539448,1493248558.6521339417, -0.1929,  0.0537,  0.9512, -4.4861, -1.8616, -5.7678
1493248558.6522040367,1493248558.6544849873, -0.1929,  0.0537,  0.9512, -4.4861, -1.8616, -5.7678
1493248558.6545560360,1493248558.6569740772, -0.1929,  0.0537,  0.9512, -4.7302, -1.5869, -5.6458
1493248558.6570448875,1493248558.6594550610, -0.1929,  0.0537,  0.9512, -4.7302, -1.5869, -5.6458
1493248558.6595270634,1493248558.6619369984, -0.1929,  0.0537,  0.9512, -4.7302, -1.5869, -5.6458
1493248558.6620070934,1493248558.6644120216, -0.1929,  0.0537,  0.9512, -4.7302, -1.5869, -5.6458
1493248558.6645829678,1493248558.6669979095, -0.1929,  0.0537,  0.9512, -4.4708, -1.3580, -5.7678
1493248558.6670689583,1493248558.6694729328, -0.1929,  0.0537,  0.9512, -4.4708, -1.3580, -5.7678
1493248558.6695439816,1493248558.6719560623, -0.1899,  0.0540,  0.9641, -4.4708, -1.3580, -5.7678
1493248558.6720271111,1493248558.6744339466, -0.1899,  0.0540,  0.9641, -4.4708, -1.3580, -5.7678
1493248558.6745049953,1493248558.6769270897, -0.1899,  0.0540,  0.9641, -4.3182, -1.5259, -5.5847
1493248558.6769969463,1493248558.6794040203, -0.1899,  0.0540,  0.9641, -4.3182, -1.5259, -5.5847
1493248558.6794750690,1493248558.6818819046, -0.1899,  0.0540,  0.9641, -4.3182, -1.5259, -5.5847
1493248558.6819519997,1493248558.6843559742, -0.1899,  0.0540,  0.9641, -4.3182, -1.5259, -5.5847
1493248558.6844260693,1493248558.6868789196, -0.1899,  0.0540,  0.9641, -4.3182, -1.5259, -5.6610
1493248558.6869499683,1493248558.6893579960, -0.1899,  0.0540,  0.9641, -4.5319, -1.3580, -5.6610
1493248558.6894290447,1493248558.6918330193, -0.1885,  0.0552,  0.9709, -4.5319, -1.3580, -5.6610
1493248558.6919050217,1493248558.6943089962, -0.1885,  0.0552,  0.9709, -4.5319, -1.3580, -5.6610
1493248558.6943800449,1493248558.6966910362, -0.1885,  0.0552,  0.9709, -4.5319, -1.3580, -5.6610
1493248558.6967620850,1493248558.6990470886, -0.1885,  0.0552,  0.9709, -4.6844, -1.4496, -5.7526
1493248558.6991178989,1493248558.7014009953, -0.1885,  0.0552,  0.9709, -4.6844, -1.4496, -5.7526
1493248558.7014720440,1493248558.7037560940, -0.1885,  0.0552,  0.9709, -4.6844, -1.4496, -5.7526
1493248558.7038259506,1493248558.7061939240, -0.1885,  0.0552,  0.9709, -4.6844, -1.4496, -5.7526
1493248558.7062659264,1493248558.7086570263, -0.1885,  0.0552,  0.9709, -4.3945, -1.6785, -5.3711
1493248558.7087280750,1493248558.7111220360, -0.1885,  0.0552,  0.9556, -4.3945, -1.6785, -5.3711
1493248558.7111930847,1493248558.7135820389, -0.1921,  0.0532,  0.9556, -4.3945, -1.6785, -5.3711
1493248558.7136518955,1493248558.7160890102, -0.1921,  0.0532,  0.9556, -4.3945, -1.6785, -5.3711
1493248558.7161591053,1493248558.7185480595, -0.1921,  0.0532,  0.9556, -4.3945, -1.6785, -5.2795
1493248558.7186191082,1493248558.7210080624, -0.1921,  0.0532,  0.9556, -4.4098, -1.2970, -5.2795
1493248558.7210791111,1493248558.7234640121, -0.1921,  0.0532,  0.9556, -4.4098, -1.2970, -5.2795
1493248558.7235350609,1493248558.7259380817, -0.1921,  0.0532,  0.9556, -4.4098, -1.2970, -5.2795
1493248558.7260079384,1493248558.7283990383, -0.1921,  0.0532,  0.9556, -4.4098, -1.2970, -5.2795
1493248558.7284710407,1493248558.7308619022, -0.1921,  0.0532,  0.9492, -4.8828, -1.3885, -5.3406
1493248558.7309319973,1493248558.7333269119, -0.1882,  0.0493,  0.9492, -4.8828, -1.3885, -5.3406
1493248558.7333970070,1493248558.7358050346, -0.1882,  0.0493,  0.9492, -4.8828, -1.3885, -5.3406
1493248558.7358770370,1493248558.7382719517, -0.1882,  0.0493,  0.9492, -4.8828, -1.3885, -5.3406
1493248558.7383430004,1493248558.7407329082, -0.1882,  0.0493,  0.9492, -4.4250, -1.2207, -5.4779
1493248558.7408030033,1493248558.7431991100, -0.1882,  0.0493,  0.9492, -4.4250, -1.2207, -5.4779
1493248558.7432689667,1493248558.7456669807, -0.1882,  0.0493,  0.9492, -4.4250, -1.2207, -5.4779
1493248558.7457370758,1493248558.7480249405, -0.1882,  0.0493,  0.9492, -4.4250, -1.2207, -5.4779
1493248558.7480940819,1493248558.7503800392, -0.1882,  0.0493,  0.9492, -4.4250, -1.2207, -5.4932
1493248558.7504498959,1493248558.7527279854, -0.1919,  0.0586,  0.9536, -3.8147, -1.5869, -5.4932
1493248558.7527990341,1493248558.7551629543, -0.1919,  0.0586,  0.9536, -3.8147, -1.5869, -5.4932
1493248558.7552340031,1493248558.7575170994, -0.1919,  0.0586,  0.9536, -3.8147, -1.5869, -5.4932
1493248558.7575869560,1493248558.7598710060, -0.1919,  0.0586,  0.9536, -3.8147, -1.5869, -5.4932
1493248558.7599420547,1493248558.7622230053, -0.1919,  0.0586,  0.9536, -4.0436, -1.4343, -5.4016
1493248558.7622940540,1493248558.7645740509, -0.1919,  0.0586,  0.9536, -4.0436, -1.4343, -5.4016
1493248558.7646450996,1493248558.7671020031, -0.1919,  0.0586,  0.9536, 